,subject,runs,trials/class,t_mi,method,model_name,channels,score
0,25.0,1.0,21.0,"[4.0, 6.0]",alphaCSP+LDA,MI_2class_hand,"['C3', 'Cz', 'C4']",0.33999999999999997
1,25.0,1.0,21.0,"[4.0, 6.0]",alphaCSP+LDA,MI_2class_foot,"['C3', 'Cz', 'C4']",0.6575
2,25.0,1.0,21.0,"[4.0, 6.0]",FBCSP+LDA,MI_2class_hand,"['C3', 'Cz', 'C4']",0.4175
3,25.0,1.0,21.0,"[4.0, 6.0]",FBCSP+LDA,MI_2class_foot,"['C3', 'Cz', 'C4']",0.665
4,25.0,1.0,21.0,"[4.0, 6.0]",SparseFBCSP+LDA,MI_2class_hand,"['C3', 'Cz', 'C4']",0.4325
5,25.0,1.0,21.0,"[4.0, 6.0]",SparseFBCSP+LDA,MI_2class_foot,"['C3', 'Cz', 'C4']",0.58
6,25.0,1.0,21.0,"[4.0, 6.0]",Cov+Tangent+LR,MI_2class_hand,"['C3', 'Cz', 'C4']",0.2375
7,25.0,1.0,21.0,"[4.0, 6.0]",Cov+Tangent+LR,MI_2class_foot,"['C3', 'Cz', 'C4']",0.5675
8,25.0,1.0,21.0,"[4.0, 6.0]",Cov+MDM,MI_2class_hand,"['C3', 'Cz', 'C4']",0.34500000000000003
9,25.0,1.0,21.0,"[4.0, 6.0]",Cov+MDM,MI_2class_foot,"['C3', 'Cz', 'C4']",0.545
10,25.0,1.0,21.0,"[4.5, 6.5]",alphaCSP+LDA,MI_2class_hand,"['C3', 'Cz', 'C4']",0.45
11,25.0,1.0,21.0,"[4.5, 6.5]",alphaCSP+LDA,MI_2class_foot,"['C3', 'Cz', 'C4']",0.6125
12,25.0,1.0,21.0,"[4.5, 6.5]",FBCSP+LDA,MI_2class_hand,"['C3', 'Cz', 'C4']",0.615
13,25.0,1.0,21.0,"[4.5, 6.5]",FBCSP+LDA,MI_2class_foot,"['C3', 'Cz', 'C4']",0.35500000000000004
14,25.0,1.0,21.0,"[4.5, 6.5]",SparseFBCSP+LDA,MI_2class_hand,"['C3', 'Cz', 'C4']",0.5425
15,25.0,1.0,21.0,"[4.5, 6.5]",SparseFBCSP+LDA,MI_2class_foot,"['C3', 'Cz', 'C4']",0.5549999999999999
16,25.0,1.0,21.0,"[4.5, 6.5]",Cov+Tangent+LR,MI_2class_hand,"['C3', 'Cz', 'C4']",0.4425
17,25.0,1.0,21.0,"[4.5, 6.5]",Cov+Tangent+LR,MI_2class_foot,"['C3', 'Cz', 'C4']",0.545
18,25.0,1.0,21.0,"[4.5, 6.5]",Cov+MDM,MI_2class_hand,"['C3', 'Cz', 'C4']",0.43499999999999994
19,25.0,1.0,21.0,"[4.5, 6.5]",Cov+MDM,MI_2class_foot,"['C3', 'Cz', 'C4']",0.5525
20,25.0,1.0,21.0,"[5.0, 7.0]",alphaCSP+LDA,MI_2class_hand,"['C3', 'Cz', 'C4']",0.575
21,25.0,1.0,21.0,"[5.0, 7.0]",alphaCSP+LDA,MI_2class_foot,"['C3', 'Cz', 'C4']",0.5375
22,25.0,1.0,21.0,"[5.0, 7.0]",FBCSP+LDA,MI_2class_hand,"['C3', 'Cz', 'C4']",0.5675
23,25.0,1.0,21.0,"[5.0, 7.0]",FBCSP+LDA,MI_2class_foot,"['C3', 'Cz', 'C4']",0.3375
24,25.0,1.0,21.0,"[5.0, 7.0]",SparseFBCSP+LDA,MI_2class_hand,"['C3', 'Cz', 'C4']",0.58
25,25.0,1.0,21.0,"[5.0, 7.0]",SparseFBCSP+LDA,MI_2class_foot,"['C3', 'Cz', 'C4']",0.37
26,25.0,1.0,21.0,"[5.0, 7.0]",Cov+Tangent+LR,MI_2class_hand,"['C3', 'Cz', 'C4']",0.495
27,25.0,1.0,21.0,"[5.0, 7.0]",Cov+Tangent+LR,MI_2class_foot,"['C3', 'Cz', 'C4']",0.45499999999999996
28,25.0,1.0,21.0,"[5.0, 7.0]",Cov+MDM,MI_2class_hand,"['C3', 'Cz', 'C4']",0.5175
29,25.0,1.0,21.0,"[5.0, 7.0]",Cov+MDM,MI_2class_foot,"['C3', 'Cz', 'C4']",0.4025
30,25.0,1.0,21.0,"[5.5, 7.5]",alphaCSP+LDA,MI_2class_hand,"['C3', 'Cz', 'C4']",0.3925
31,25.0,1.0,21.0,"[5.5, 7.5]",alphaCSP+LDA,MI_2class_foot,"['C3', 'Cz', 'C4']",0.535
32,25.0,1.0,21.0,"[5.5, 7.5]",FBCSP+LDA,MI_2class_hand,"['C3', 'Cz', 'C4']",0.4625
33,25.0,1.0,21.0,"[5.5, 7.5]",FBCSP+LDA,MI_2class_foot,"['C3', 'Cz', 'C4']",0.41
34,25.0,1.0,21.0,"[5.5, 7.5]",SparseFBCSP+LDA,MI_2class_hand,"['C3', 'Cz', 'C4']",0.4025
35,25.0,1.0,21.0,"[5.5, 7.5]",SparseFBCSP+LDA,MI_2class_foot,"['C3', 'Cz', 'C4']",0.5375
36,25.0,1.0,21.0,"[5.5, 7.5]",Cov+Tangent+LR,MI_2class_hand,"['C3', 'Cz', 'C4']",0.4325
37,25.0,1.0,21.0,"[5.5, 7.5]",Cov+Tangent+LR,MI_2class_foot,"['C3', 'Cz', 'C4']",0.4625
38,25.0,1.0,21.0,"[5.5, 7.5]",Cov+MDM,MI_2class_hand,"['C3', 'Cz', 'C4']",0.44000000000000006
39,25.0,1.0,21.0,"[5.5, 7.5]",Cov+MDM,MI_2class_foot,"['C3', 'Cz', 'C4']",0.43499999999999994
40,25.0,1.0,21.0,"[6.0, 8.0]",alphaCSP+LDA,MI_2class_hand,"['C3', 'Cz', 'C4']",0.3675
41,25.0,1.0,21.0,"[6.0, 8.0]",alphaCSP+LDA,MI_2class_foot,"['C3', 'Cz', 'C4']",0.3125
42,25.0,1.0,21.0,"[6.0, 8.0]",FBCSP+LDA,MI_2class_hand,"['C3', 'Cz', 'C4']",0.5175
43,25.0,1.0,21.0,"[6.0, 8.0]",FBCSP+LDA,MI_2class_foot,"['C3', 'Cz', 'C4']",0.53
44,25.0,1.0,21.0,"[6.0, 8.0]",SparseFBCSP+LDA,MI_2class_hand,"['C3', 'Cz', 'C4']",0.41
45,25.0,1.0,21.0,"[6.0, 8.0]",SparseFBCSP+LDA,MI_2class_foot,"['C3', 'Cz', 'C4']",0.52
46,25.0,1.0,21.0,"[6.0, 8.0]",Cov+Tangent+LR,MI_2class_hand,"['C3', 'Cz', 'C4']",0.45999999999999996
47,25.0,1.0,21.0,"[6.0, 8.0]",Cov+Tangent+LR,MI_2class_foot,"['C3', 'Cz', 'C4']",0.5475
48,25.0,1.0,21.0,"[6.0, 8.0]",Cov+MDM,MI_2class_hand,"['C3', 'Cz', 'C4']",0.43000000000000005
49,25.0,1.0,21.0,"[6.0, 8.0]",Cov+MDM,MI_2class_foot,"['C3', 'Cz', 'C4']",0.5575
50,25.0,2.0,21.0,"[4.0, 6.0]",alphaCSP+LDA,MI_2class_hand,"['C3', 'Cz', 'C4']",0.5775
51,25.0,2.0,21.0,"[4.0, 6.0]",alphaCSP+LDA,MI_2class_foot,"['C3', 'Cz', 'C4']",0.37
52,25.0,2.0,21.0,"[4.0, 6.0]",FBCSP+LDA,MI_2class_hand,"['C3', 'Cz', 'C4']",0.52
53,25.0,2.0,21.0,"[4.0, 6.0]",FBCSP+LDA,MI_2class_foot,"['C3', 'Cz', 'C4']",0.465
54,25.0,2.0,21.0,"[4.0, 6.0]",SparseFBCSP+LDA,MI_2class_hand,"['C3', 'Cz', 'C4']",0.44749999999999995
55,25.0,2.0,21.0,"[4.0, 6.0]",SparseFBCSP+LDA,MI_2class_foot,"['C3', 'Cz', 'C4']",0.3525
56,25.0,2.0,21.0,"[4.0, 6.0]",Cov+Tangent+LR,MI_2class_hand,"['C3', 'Cz', 'C4']",0.6224999999999999
57,25.0,2.0,21.0,"[4.0, 6.0]",Cov+Tangent+LR,MI_2class_foot,"['C3', 'Cz', 'C4']",0.385
58,25.0,2.0,21.0,"[4.0, 6.0]",Cov+MDM,MI_2class_hand,"['C3', 'Cz', 'C4']",0.575
59,25.0,2.0,21.0,"[4.0, 6.0]",Cov+MDM,MI_2class_foot,"['C3', 'Cz', 'C4']",0.3825
60,25.0,2.0,21.0,"[4.5, 6.5]",alphaCSP+LDA,MI_2class_hand,"['C3', 'Cz', 'C4']",0.6
61,25.0,2.0,21.0,"[4.5, 6.5]",alphaCSP+LDA,MI_2class_foot,"['C3', 'Cz', 'C4']",0.2425
62,25.0,2.0,21.0,"[4.5, 6.5]",FBCSP+LDA,MI_2class_hand,"['C3', 'Cz', 'C4']",0.62
63,25.0,2.0,21.0,"[4.5, 6.5]",FBCSP+LDA,MI_2class_foot,"['C3', 'Cz', 'C4']",0.4025
64,25.0,2.0,21.0,"[4.5, 6.5]",SparseFBCSP+LDA,MI_2class_hand,"['C3', 'Cz', 'C4']",0.745
65,25.0,2.0,21.0,"[4.5, 6.5]",SparseFBCSP+LDA,MI_2class_foot,"['C3', 'Cz', 'C4']",0.36
66,25.0,2.0,21.0,"[4.5, 6.5]",Cov+Tangent+LR,MI_2class_hand,"['C3', 'Cz', 'C4']",0.6275000000000001
67,25.0,2.0,21.0,"[4.5, 6.5]",Cov+Tangent+LR,MI_2class_foot,"['C3', 'Cz', 'C4']",0.25
68,25.0,2.0,21.0,"[4.5, 6.5]",Cov+MDM,MI_2class_hand,"['C3', 'Cz', 'C4']",0.585
69,25.0,2.0,21.0,"[4.5, 6.5]",Cov+MDM,MI_2class_foot,"['C3', 'Cz', 'C4']",0.43
70,25.0,2.0,21.0,"[5.0, 7.0]",alphaCSP+LDA,MI_2class_hand,"['C3', 'Cz', 'C4']",0.705
71,25.0,2.0,21.0,"[5.0, 7.0]",alphaCSP+LDA,MI_2class_foot,"['C3', 'Cz', 'C4']",0.4625
72,25.0,2.0,21.0,"[5.0, 7.0]",FBCSP+LDA,MI_2class_hand,"['C3', 'Cz', 'C4']",0.585
73,25.0,2.0,21.0,"[5.0, 7.0]",FBCSP+LDA,MI_2class_foot,"['C3', 'Cz', 'C4']",0.45999999999999996
74,25.0,2.0,21.0,"[5.0, 7.0]",SparseFBCSP+LDA,MI_2class_hand,"['C3', 'Cz', 'C4']",0.47750000000000004
75,25.0,2.0,21.0,"[5.0, 7.0]",SparseFBCSP+LDA,MI_2class_foot,"['C3', 'Cz', 'C4']",0.47750000000000004
76,25.0,2.0,21.0,"[5.0, 7.0]",Cov+Tangent+LR,MI_2class_hand,"['C3', 'Cz', 'C4']",0.6725
77,25.0,2.0,21.0,"[5.0, 7.0]",Cov+Tangent+LR,MI_2class_foot,"['C3', 'Cz', 'C4']",0.33999999999999997
78,25.0,2.0,21.0,"[5.0, 7.0]",Cov+MDM,MI_2class_hand,"['C3', 'Cz', 'C4']",0.64
79,25.0,2.0,21.0,"[5.0, 7.0]",Cov+MDM,MI_2class_foot,"['C3', 'Cz', 'C4']",0.3275
80,25.0,2.0,21.0,"[5.5, 7.5]",alphaCSP+LDA,MI_2class_hand,"['C3', 'Cz', 'C4']",0.7375
81,25.0,2.0,21.0,"[5.5, 7.5]",alphaCSP+LDA,MI_2class_foot,"['C3', 'Cz', 'C4']",0.45999999999999996
82,25.0,2.0,21.0,"[5.5, 7.5]",FBCSP+LDA,MI_2class_hand,"['C3', 'Cz', 'C4']",0.5125
83,25.0,2.0,21.0,"[5.5, 7.5]",FBCSP+LDA,MI_2class_foot,"['C3', 'Cz', 'C4']",0.22999999999999998
84,25.0,2.0,21.0,"[5.5, 7.5]",SparseFBCSP+LDA,MI_2class_hand,"['C3', 'Cz', 'C4']",0.5725
85,25.0,2.0,21.0,"[5.5, 7.5]",SparseFBCSP+LDA,MI_2class_foot,"['C3', 'Cz', 'C4']",0.325
86,25.0,2.0,21.0,"[5.5, 7.5]",Cov+Tangent+LR,MI_2class_hand,"['C3', 'Cz', 'C4']",0.6950000000000001
87,25.0,2.0,21.0,"[5.5, 7.5]",Cov+Tangent+LR,MI_2class_foot,"['C3', 'Cz', 'C4']",0.24
88,25.0,2.0,21.0,"[5.5, 7.5]",Cov+MDM,MI_2class_hand,"['C3', 'Cz', 'C4']",0.6625
89,25.0,2.0,21.0,"[5.5, 7.5]",Cov+MDM,MI_2class_foot,"['C3', 'Cz', 'C4']",0.33499999999999996
90,25.0,2.0,21.0,"[6.0, 8.0]",alphaCSP+LDA,MI_2class_hand,"['C3', 'Cz', 'C4']",0.6875
91,25.0,2.0,21.0,"[6.0, 8.0]",alphaCSP+LDA,MI_2class_foot,"['C3', 'Cz', 'C4']",0.41500000000000004
92,25.0,2.0,21.0,"[6.0, 8.0]",FBCSP+LDA,MI_2class_hand,"['C3', 'Cz', 'C4']",0.35750000000000004
93,25.0,2.0,21.0,"[6.0, 8.0]",FBCSP+LDA,MI_2class_foot,"['C3', 'Cz', 'C4']",0.2975
94,25.0,2.0,21.0,"[6.0, 8.0]",SparseFBCSP+LDA,MI_2class_hand,"['C3', 'Cz', 'C4']",0.645
95,25.0,2.0,21.0,"[6.0, 8.0]",SparseFBCSP+LDA,MI_2class_foot,"['C3', 'Cz', 'C4']",0.29250000000000004
96,25.0,2.0,21.0,"[6.0, 8.0]",Cov+Tangent+LR,MI_2class_hand,"['C3', 'Cz', 'C4']",0.6425
97,25.0,2.0,21.0,"[6.0, 8.0]",Cov+Tangent+LR,MI_2class_foot,"['C3', 'Cz', 'C4']",0.35750000000000004
98,25.0,2.0,21.0,"[6.0, 8.0]",Cov+MDM,MI_2class_hand,"['C3', 'Cz', 'C4']",0.6125
99,25.0,2.0,21.0,"[6.0, 8.0]",Cov+MDM,MI_2class_foot,"['C3', 'Cz', 'C4']",0.3275
100,26.0,1.0,21.0,"[4.0, 6.0]",alphaCSP+LDA,MI_2class_hand,"['C3', 'Cz', 'C4']",0.6975
101,26.0,1.0,21.0,"[4.0, 6.0]",alphaCSP+LDA,MI_2class_foot,"['C3', 'Cz', 'C4']",0.3275
102,26.0,1.0,21.0,"[4.0, 6.0]",FBCSP+LDA,MI_2class_hand,"['C3', 'Cz', 'C4']",0.5974999999999999
103,26.0,1.0,21.0,"[4.0, 6.0]",FBCSP+LDA,MI_2class_foot,"['C3', 'Cz', 'C4']",0.3875
104,26.0,1.0,21.0,"[4.0, 6.0]",SparseFBCSP+LDA,MI_2class_hand,"['C3', 'Cz', 'C4']",0.7
105,26.0,1.0,21.0,"[4.0, 6.0]",SparseFBCSP+LDA,MI_2class_foot,"['C3', 'Cz', 'C4']",0.225
106,26.0,1.0,21.0,"[4.0, 6.0]",Cov+Tangent+LR,MI_2class_hand,"['C3', 'Cz', 'C4']",0.735
107,26.0,1.0,21.0,"[4.0, 6.0]",Cov+Tangent+LR,MI_2class_foot,"['C3', 'Cz', 'C4']",0.31
108,26.0,1.0,21.0,"[4.0, 6.0]",Cov+MDM,MI_2class_hand,"['C3', 'Cz', 'C4']",0.7575000000000001
109,26.0,1.0,21.0,"[4.0, 6.0]",Cov+MDM,MI_2class_foot,"['C3', 'Cz', 'C4']",0.365
110,26.0,1.0,21.0,"[4.5, 6.5]",alphaCSP+LDA,MI_2class_hand,"['C3', 'Cz', 'C4']",0.7474999999999999
111,26.0,1.0,21.0,"[4.5, 6.5]",alphaCSP+LDA,MI_2class_foot,"['C3', 'Cz', 'C4']",0.5375
112,26.0,1.0,21.0,"[4.5, 6.5]",FBCSP+LDA,MI_2class_hand,"['C3', 'Cz', 'C4']",0.6675000000000001
113,26.0,1.0,21.0,"[4.5, 6.5]",FBCSP+LDA,MI_2class_foot,"['C3', 'Cz', 'C4']",0.5425
114,26.0,1.0,21.0,"[4.5, 6.5]",SparseFBCSP+LDA,MI_2class_hand,"['C3', 'Cz', 'C4']",0.575
115,26.0,1.0,21.0,"[4.5, 6.5]",SparseFBCSP+LDA,MI_2class_foot,"['C3', 'Cz', 'C4']",0.53
116,26.0,1.0,21.0,"[4.5, 6.5]",Cov+Tangent+LR,MI_2class_hand,"['C3', 'Cz', 'C4']",0.7575000000000001
117,26.0,1.0,21.0,"[4.5, 6.5]",Cov+Tangent+LR,MI_2class_foot,"['C3', 'Cz', 'C4']",0.58
118,26.0,1.0,21.0,"[4.5, 6.5]",Cov+MDM,MI_2class_hand,"['C3', 'Cz', 'C4']",0.73
119,26.0,1.0,21.0,"[4.5, 6.5]",Cov+MDM,MI_2class_foot,"['C3', 'Cz', 'C4']",0.5549999999999999
120,26.0,1.0,21.0,"[5.0, 7.0]",alphaCSP+LDA,MI_2class_hand,"['C3', 'Cz', 'C4']",0.7575000000000001
121,26.0,1.0,21.0,"[5.0, 7.0]",alphaCSP+LDA,MI_2class_foot,"['C3', 'Cz', 'C4']",0.7725
122,26.0,1.0,21.0,"[5.0, 7.0]",FBCSP+LDA,MI_2class_hand,"['C3', 'Cz', 'C4']",0.5650000000000001
123,26.0,1.0,21.0,"[5.0, 7.0]",FBCSP+LDA,MI_2class_foot,"['C3', 'Cz', 'C4']",0.7849999999999999
124,26.0,1.0,21.0,"[5.0, 7.0]",SparseFBCSP+LDA,MI_2class_hand,"['C3', 'Cz', 'C4']",0.5775
125,26.0,1.0,21.0,"[5.0, 7.0]",SparseFBCSP+LDA,MI_2class_foot,"['C3', 'Cz', 'C4']",0.7125
126,26.0,1.0,21.0,"[5.0, 7.0]",Cov+Tangent+LR,MI_2class_hand,"['C3', 'Cz', 'C4']",0.8100000000000002
127,26.0,1.0,21.0,"[5.0, 7.0]",Cov+Tangent+LR,MI_2class_foot,"['C3', 'Cz', 'C4']",0.7725
128,26.0,1.0,21.0,"[5.0, 7.0]",Cov+MDM,MI_2class_hand,"['C3', 'Cz', 'C4']",0.8025
129,26.0,1.0,21.0,"[5.0, 7.0]",Cov+MDM,MI_2class_foot,"['C3', 'Cz', 'C4']",0.7125
130,26.0,1.0,21.0,"[5.5, 7.5]",alphaCSP+LDA,MI_2class_hand,"['C3', 'Cz', 'C4']",0.8175000000000001
131,26.0,1.0,21.0,"[5.5, 7.5]",alphaCSP+LDA,MI_2class_foot,"['C3', 'Cz', 'C4']",0.8099999999999999
132,26.0,1.0,21.0,"[5.5, 7.5]",FBCSP+LDA,MI_2class_hand,"['C3', 'Cz', 'C4']",0.7575000000000001
133,26.0,1.0,21.0,"[5.5, 7.5]",FBCSP+LDA,MI_2class_foot,"['C3', 'Cz', 'C4']",0.495
134,26.0,1.0,21.0,"[5.5, 7.5]",SparseFBCSP+LDA,MI_2class_hand,"['C3', 'Cz', 'C4']",0.8125
135,26.0,1.0,21.0,"[5.5, 7.5]",SparseFBCSP+LDA,MI_2class_foot,"['C3', 'Cz', 'C4']",0.64
136,26.0,1.0,21.0,"[5.5, 7.5]",Cov+Tangent+LR,MI_2class_hand,"['C3', 'Cz', 'C4']",0.845
137,26.0,1.0,21.0,"[5.5, 7.5]",Cov+Tangent+LR,MI_2class_foot,"['C3', 'Cz', 'C4']",0.8375
138,26.0,1.0,21.0,"[5.5, 7.5]",Cov+MDM,MI_2class_hand,"['C3', 'Cz', 'C4']",0.82
139,26.0,1.0,21.0,"[5.5, 7.5]",Cov+MDM,MI_2class_foot,"['C3', 'Cz', 'C4']",0.7875
140,26.0,1.0,21.0,"[6.0, 8.0]",alphaCSP+LDA,MI_2class_hand,"['C3', 'Cz', 'C4']",0.8225000000000001
141,26.0,1.0,21.0,"[6.0, 8.0]",alphaCSP+LDA,MI_2class_foot,"['C3', 'Cz', 'C4']",0.7125
142,26.0,1.0,21.0,"[6.0, 8.0]",FBCSP+LDA,MI_2class_hand,"['C3', 'Cz', 'C4']",0.655
143,26.0,1.0,21.0,"[6.0, 8.0]",FBCSP+LDA,MI_2class_foot,"['C3', 'Cz', 'C4']",0.5175
144,26.0,1.0,21.0,"[6.0, 8.0]",SparseFBCSP+LDA,MI_2class_hand,"['C3', 'Cz', 'C4']",0.7525000000000001
145,26.0,1.0,21.0,"[6.0, 8.0]",SparseFBCSP+LDA,MI_2class_foot,"['C3', 'Cz', 'C4']",0.7175
146,26.0,1.0,21.0,"[6.0, 8.0]",Cov+Tangent+LR,MI_2class_hand,"['C3', 'Cz', 'C4']",0.8350000000000002
147,26.0,1.0,21.0,"[6.0, 8.0]",Cov+Tangent+LR,MI_2class_foot,"['C3', 'Cz', 'C4']",0.7575000000000001
148,26.0,1.0,21.0,"[6.0, 8.0]",Cov+MDM,MI_2class_hand,"['C3', 'Cz', 'C4']",0.8275
149,26.0,1.0,21.0,"[6.0, 8.0]",Cov+MDM,MI_2class_foot,"['C3', 'Cz', 'C4']",0.72
150,26.0,2.0,21.0,"[4.0, 6.0]",alphaCSP+LDA,MI_2class_hand,"['C3', 'Cz', 'C4']",0.6875
151,26.0,2.0,21.0,"[4.0, 6.0]",alphaCSP+LDA,MI_2class_foot,"['C3', 'Cz', 'C4']",0.5974999999999999
152,26.0,2.0,21.0,"[4.0, 6.0]",FBCSP+LDA,MI_2class_hand,"['C3', 'Cz', 'C4']",0.6224999999999999
153,26.0,2.0,21.0,"[4.0, 6.0]",FBCSP+LDA,MI_2class_foot,"['C3', 'Cz', 'C4']",0.5725
154,26.0,2.0,21.0,"[4.0, 6.0]",SparseFBCSP+LDA,MI_2class_hand,"['C3', 'Cz', 'C4']",0.7275
155,26.0,2.0,21.0,"[4.0, 6.0]",SparseFBCSP+LDA,MI_2class_foot,"['C3', 'Cz', 'C4']",0.5974999999999999
156,26.0,2.0,21.0,"[4.0, 6.0]",Cov+Tangent+LR,MI_2class_hand,"['C3', 'Cz', 'C4']",0.7
157,26.0,2.0,21.0,"[4.0, 6.0]",Cov+Tangent+LR,MI_2class_foot,"['C3', 'Cz', 'C4']",0.5574999999999999
158,26.0,2.0,21.0,"[4.0, 6.0]",Cov+MDM,MI_2class_hand,"['C3', 'Cz', 'C4']",0.6675
159,26.0,2.0,21.0,"[4.0, 6.0]",Cov+MDM,MI_2class_foot,"['C3', 'Cz', 'C4']",0.5125
160,26.0,2.0,21.0,"[4.5, 6.5]",alphaCSP+LDA,MI_2class_hand,"['C3', 'Cz', 'C4']",0.8400000000000001
161,26.0,2.0,21.0,"[4.5, 6.5]",alphaCSP+LDA,MI_2class_foot,"['C3', 'Cz', 'C4']",0.39
162,26.0,2.0,21.0,"[4.5, 6.5]",FBCSP+LDA,MI_2class_hand,"['C3', 'Cz', 'C4']",0.8324999999999999
163,26.0,2.0,21.0,"[4.5, 6.5]",FBCSP+LDA,MI_2class_foot,"['C3', 'Cz', 'C4']",0.35
164,26.0,2.0,21.0,"[4.5, 6.5]",SparseFBCSP+LDA,MI_2class_hand,"['C3', 'Cz', 'C4']",0.6925
165,26.0,2.0,21.0,"[4.5, 6.5]",SparseFBCSP+LDA,MI_2class_foot,"['C3', 'Cz', 'C4']",0.24250000000000002
166,26.0,2.0,21.0,"[4.5, 6.5]",Cov+Tangent+LR,MI_2class_hand,"['C3', 'Cz', 'C4']",0.865
167,26.0,2.0,21.0,"[4.5, 6.5]",Cov+Tangent+LR,MI_2class_foot,"['C3', 'Cz', 'C4']",0.28250000000000003
168,26.0,2.0,21.0,"[4.5, 6.5]",Cov+MDM,MI_2class_hand,"['C3', 'Cz', 'C4']",0.7050000000000001
169,26.0,2.0,21.0,"[4.5, 6.5]",Cov+MDM,MI_2class_foot,"['C3', 'Cz', 'C4']",0.25
170,26.0,2.0,21.0,"[5.0, 7.0]",alphaCSP+LDA,MI_2class_hand,"['C3', 'Cz', 'C4']",0.9324999999999999
171,26.0,2.0,21.0,"[5.0, 7.0]",alphaCSP+LDA,MI_2class_foot,"['C3', 'Cz', 'C4']",0.4575
172,26.0,2.0,21.0,"[5.0, 7.0]",FBCSP+LDA,MI_2class_hand,"['C3', 'Cz', 'C4']",0.7825
173,26.0,2.0,21.0,"[5.0, 7.0]",FBCSP+LDA,MI_2class_foot,"['C3', 'Cz', 'C4']",0.22999999999999998
174,26.0,2.0,21.0,"[5.0, 7.0]",SparseFBCSP+LDA,MI_2class_hand,"['C3', 'Cz', 'C4']",0.86
175,26.0,2.0,21.0,"[5.0, 7.0]",SparseFBCSP+LDA,MI_2class_foot,"['C3', 'Cz', 'C4']",0.4625
176,26.0,2.0,21.0,"[5.0, 7.0]",Cov+Tangent+LR,MI_2class_hand,"['C3', 'Cz', 'C4']",0.8800000000000001
177,26.0,2.0,21.0,"[5.0, 7.0]",Cov+Tangent+LR,MI_2class_foot,"['C3', 'Cz', 'C4']",0.4375
178,26.0,2.0,21.0,"[5.0, 7.0]",Cov+MDM,MI_2class_hand,"['C3', 'Cz', 'C4']",0.7474999999999999
179,26.0,2.0,21.0,"[5.0, 7.0]",Cov+MDM,MI_2class_foot,"['C3', 'Cz', 'C4']",0.48250000000000004
180,26.0,2.0,21.0,"[5.5, 7.5]",alphaCSP+LDA,MI_2class_hand,"['C3', 'Cz', 'C4']",0.8150000000000001
181,26.0,2.0,21.0,"[5.5, 7.5]",alphaCSP+LDA,MI_2class_foot,"['C3', 'Cz', 'C4']",0.5075000000000001
182,26.0,2.0,21.0,"[5.5, 7.5]",FBCSP+LDA,MI_2class_hand,"['C3', 'Cz', 'C4']",0.5325
183,26.0,2.0,21.0,"[5.5, 7.5]",FBCSP+LDA,MI_2class_foot,"['C3', 'Cz', 'C4']",0.49749999999999994
184,26.0,2.0,21.0,"[5.5, 7.5]",SparseFBCSP+LDA,MI_2class_hand,"['C3', 'Cz', 'C4']",0.545
185,26.0,2.0,21.0,"[5.5, 7.5]",SparseFBCSP+LDA,MI_2class_foot,"['C3', 'Cz', 'C4']",0.48
186,26.0,2.0,21.0,"[5.5, 7.5]",Cov+Tangent+LR,MI_2class_hand,"['C3', 'Cz', 'C4']",0.75
187,26.0,2.0,21.0,"[5.5, 7.5]",Cov+Tangent+LR,MI_2class_foot,"['C3', 'Cz', 'C4']",0.40499999999999997
188,26.0,2.0,21.0,"[5.5, 7.5]",Cov+MDM,MI_2class_hand,"['C3', 'Cz', 'C4']",0.6675
189,26.0,2.0,21.0,"[5.5, 7.5]",Cov+MDM,MI_2class_foot,"['C3', 'Cz', 'C4']",0.49000000000000005
190,26.0,2.0,21.0,"[6.0, 8.0]",alphaCSP+LDA,MI_2class_hand,"['C3', 'Cz', 'C4']",0.7575000000000001
191,26.0,2.0,21.0,"[6.0, 8.0]",alphaCSP+LDA,MI_2class_foot,"['C3', 'Cz', 'C4']",0.54
192,26.0,2.0,21.0,"[6.0, 8.0]",FBCSP+LDA,MI_2class_hand,"['C3', 'Cz', 'C4']",0.5925
193,26.0,2.0,21.0,"[6.0, 8.0]",FBCSP+LDA,MI_2class_foot,"['C3', 'Cz', 'C4']",0.5475
194,26.0,2.0,21.0,"[6.0, 8.0]",SparseFBCSP+LDA,MI_2class_hand,"['C3', 'Cz', 'C4']",0.525
195,26.0,2.0,21.0,"[6.0, 8.0]",SparseFBCSP+LDA,MI_2class_foot,"['C3', 'Cz', 'C4']",0.54
196,26.0,2.0,21.0,"[6.0, 8.0]",Cov+Tangent+LR,MI_2class_hand,"['C3', 'Cz', 'C4']",0.7175
197,26.0,2.0,21.0,"[6.0, 8.0]",Cov+Tangent+LR,MI_2class_foot,"['C3', 'Cz', 'C4']",0.34500000000000003
198,26.0,2.0,21.0,"[6.0, 8.0]",Cov+MDM,MI_2class_hand,"['C3', 'Cz', 'C4']",0.6725
199,26.0,2.0,21.0,"[6.0, 8.0]",Cov+MDM,MI_2class_foot,"['C3', 'Cz', 'C4']",0.5
200,27.0,1.0,15.0,"[4.0, 6.0]",alphaCSP+LDA,MI_2class_hand,"['C3', 'Cz', 'C4']",0.22222222222222224
201,27.0,1.0,15.0,"[4.0, 6.0]",alphaCSP+LDA,MI_2class_foot,"['C3', 'Cz', 'C4']",0.4666666666666667
202,27.0,1.0,15.0,"[4.0, 6.0]",FBCSP+LDA,MI_2class_hand,"['C3', 'Cz', 'C4']",0.6111111111111112
203,27.0,1.0,15.0,"[4.0, 6.0]",FBCSP+LDA,MI_2class_foot,"['C3', 'Cz', 'C4']",0.6777777777777778
204,27.0,1.0,15.0,"[4.0, 6.0]",SparseFBCSP+LDA,MI_2class_hand,"['C3', 'Cz', 'C4']",0.7555555555555556
205,27.0,1.0,15.0,"[4.0, 6.0]",SparseFBCSP+LDA,MI_2class_foot,"['C3', 'Cz', 'C4']",0.44444444444444453
206,27.0,1.0,15.0,"[4.0, 6.0]",Cov+Tangent+LR,MI_2class_hand,"['C3', 'Cz', 'C4']",0.31111111111111106
207,27.0,1.0,15.0,"[4.0, 6.0]",Cov+Tangent+LR,MI_2class_foot,"['C3', 'Cz', 'C4']",0.4
208,27.0,1.0,15.0,"[4.0, 6.0]",Cov+MDM,MI_2class_hand,"['C3', 'Cz', 'C4']",0.3333333333333333
209,27.0,1.0,15.0,"[4.0, 6.0]",Cov+MDM,MI_2class_foot,"['C3', 'Cz', 'C4']",0.4444444444444445
210,27.0,1.0,15.0,"[4.5, 6.5]",alphaCSP+LDA,MI_2class_hand,"['C3', 'Cz', 'C4']",0.4444444444444445
211,27.0,1.0,15.0,"[4.5, 6.5]",alphaCSP+LDA,MI_2class_foot,"['C3', 'Cz', 'C4']",0.28888888888888886
212,27.0,1.0,15.0,"[4.5, 6.5]",FBCSP+LDA,MI_2class_hand,"['C3', 'Cz', 'C4']",0.38888888888888895
213,27.0,1.0,15.0,"[4.5, 6.5]",FBCSP+LDA,MI_2class_foot,"['C3', 'Cz', 'C4']",0.4444444444444445
214,27.0,1.0,15.0,"[4.5, 6.5]",SparseFBCSP+LDA,MI_2class_hand,"['C3', 'Cz', 'C4']",0.3777777777777778
215,27.0,1.0,15.0,"[4.5, 6.5]",SparseFBCSP+LDA,MI_2class_foot,"['C3', 'Cz', 'C4']",0.5777777777777777
216,27.0,1.0,15.0,"[4.5, 6.5]",Cov+Tangent+LR,MI_2class_hand,"['C3', 'Cz', 'C4']",0.4
217,27.0,1.0,15.0,"[4.5, 6.5]",Cov+Tangent+LR,MI_2class_foot,"['C3', 'Cz', 'C4']",0.5777777777777778
218,27.0,1.0,15.0,"[4.5, 6.5]",Cov+MDM,MI_2class_hand,"['C3', 'Cz', 'C4']",0.4222222222222222
219,27.0,1.0,15.0,"[4.5, 6.5]",Cov+MDM,MI_2class_foot,"['C3', 'Cz', 'C4']",0.5777777777777778
220,27.0,1.0,15.0,"[5.0, 7.0]",alphaCSP+LDA,MI_2class_hand,"['C3', 'Cz', 'C4']",0.6444444444444445
221,27.0,1.0,15.0,"[5.0, 7.0]",alphaCSP+LDA,MI_2class_foot,"['C3', 'Cz', 'C4']",0.4222222222222222
222,27.0,1.0,15.0,"[5.0, 7.0]",FBCSP+LDA,MI_2class_hand,"['C3', 'Cz', 'C4']",0.5333333333333334
223,27.0,1.0,15.0,"[5.0, 7.0]",FBCSP+LDA,MI_2class_foot,"['C3', 'Cz', 'C4']",0.4555555555555556
224,27.0,1.0,15.0,"[5.0, 7.0]",SparseFBCSP+LDA,MI_2class_hand,"['C3', 'Cz', 'C4']",0.5333333333333334
225,27.0,1.0,15.0,"[5.0, 7.0]",SparseFBCSP+LDA,MI_2class_foot,"['C3', 'Cz', 'C4']",0.37777777777777777
226,27.0,1.0,15.0,"[5.0, 7.0]",Cov+Tangent+LR,MI_2class_hand,"['C3', 'Cz', 'C4']",0.5777777777777778
227,27.0,1.0,15.0,"[5.0, 7.0]",Cov+Tangent+LR,MI_2class_foot,"['C3', 'Cz', 'C4']",0.7333333333333334
228,27.0,1.0,15.0,"[5.0, 7.0]",Cov+MDM,MI_2class_hand,"['C3', 'Cz', 'C4']",0.5777777777777778
229,27.0,1.0,15.0,"[5.0, 7.0]",Cov+MDM,MI_2class_foot,"['C3', 'Cz', 'C4']",0.7111111111111112
230,27.0,1.0,15.0,"[5.5, 7.5]",alphaCSP+LDA,MI_2class_hand,"['C3', 'Cz', 'C4']",0.8222222222222223
231,27.0,1.0,15.0,"[5.5, 7.5]",alphaCSP+LDA,MI_2class_foot,"['C3', 'Cz', 'C4']",0.5333333333333334
232,27.0,1.0,15.0,"[5.5, 7.5]",FBCSP+LDA,MI_2class_hand,"['C3', 'Cz', 'C4']",0.5333333333333334
233,27.0,1.0,15.0,"[5.5, 7.5]",FBCSP+LDA,MI_2class_foot,"['C3', 'Cz', 'C4']",0.4222222222222222
234,27.0,1.0,15.0,"[5.5, 7.5]",SparseFBCSP+LDA,MI_2class_hand,"['C3', 'Cz', 'C4']",0.6888888888888889
235,27.0,1.0,15.0,"[5.5, 7.5]",SparseFBCSP+LDA,MI_2class_foot,"['C3', 'Cz', 'C4']",0.4444444444444445
236,27.0,1.0,15.0,"[5.5, 7.5]",Cov+Tangent+LR,MI_2class_hand,"['C3', 'Cz', 'C4']",0.5777777777777778
237,27.0,1.0,15.0,"[5.5, 7.5]",Cov+Tangent+LR,MI_2class_foot,"['C3', 'Cz', 'C4']",0.8666666666666668
238,27.0,1.0,15.0,"[5.5, 7.5]",Cov+MDM,MI_2class_hand,"['C3', 'Cz', 'C4']",0.6
239,27.0,1.0,15.0,"[5.5, 7.5]",Cov+MDM,MI_2class_foot,"['C3', 'Cz', 'C4']",0.888888888888889
240,27.0,1.0,15.0,"[6.0, 8.0]",alphaCSP+LDA,MI_2class_hand,"['C3', 'Cz', 'C4']",0.711111111111111
241,27.0,1.0,15.0,"[6.0, 8.0]",alphaCSP+LDA,MI_2class_foot,"['C3', 'Cz', 'C4']",0.3555555555555555
242,27.0,1.0,15.0,"[6.0, 8.0]",FBCSP+LDA,MI_2class_hand,"['C3', 'Cz', 'C4']",0.5777777777777778
243,27.0,1.0,15.0,"[6.0, 8.0]",FBCSP+LDA,MI_2class_foot,"['C3', 'Cz', 'C4']",0.5444444444444445
244,27.0,1.0,15.0,"[6.0, 8.0]",SparseFBCSP+LDA,MI_2class_hand,"['C3', 'Cz', 'C4']",0.7333333333333333
245,27.0,1.0,15.0,"[6.0, 8.0]",SparseFBCSP+LDA,MI_2class_foot,"['C3', 'Cz', 'C4']",0.48888888888888893
246,27.0,1.0,15.0,"[6.0, 8.0]",Cov+Tangent+LR,MI_2class_hand,"['C3', 'Cz', 'C4']",0.711111111111111
247,27.0,1.0,15.0,"[6.0, 8.0]",Cov+Tangent+LR,MI_2class_foot,"['C3', 'Cz', 'C4']",0.6222222222222223
248,27.0,1.0,15.0,"[6.0, 8.0]",Cov+MDM,MI_2class_hand,"['C3', 'Cz', 'C4']",0.6888888888888889
249,27.0,1.0,15.0,"[6.0, 8.0]",Cov+MDM,MI_2class_foot,"['C3', 'Cz', 'C4']",0.6
250,27.0,2.0,21.0,"[4.0, 6.0]",alphaCSP+LDA,MI_2class_hand,"['C3', 'Cz', 'C4']",0.595
251,27.0,2.0,21.0,"[4.0, 6.0]",alphaCSP+LDA,MI_2class_foot,"['C3', 'Cz', 'C4']",0.6075
252,27.0,2.0,21.0,"[4.0, 6.0]",FBCSP+LDA,MI_2class_hand,"['C3', 'Cz', 'C4']",0.5625
253,27.0,2.0,21.0,"[4.0, 6.0]",FBCSP+LDA,MI_2class_foot,"['C3', 'Cz', 'C4']",0.425
254,27.0,2.0,21.0,"[4.0, 6.0]",SparseFBCSP+LDA,MI_2class_hand,"['C3', 'Cz', 'C4']",0.515
255,27.0,2.0,21.0,"[4.0, 6.0]",SparseFBCSP+LDA,MI_2class_foot,"['C3', 'Cz', 'C4']",0.6325000000000001
256,27.0,2.0,21.0,"[4.0, 6.0]",Cov+Tangent+LR,MI_2class_hand,"['C3', 'Cz', 'C4']",0.73
257,27.0,2.0,21.0,"[4.0, 6.0]",Cov+Tangent+LR,MI_2class_foot,"['C3', 'Cz', 'C4']",0.5349999999999999
258,27.0,2.0,21.0,"[4.0, 6.0]",Cov+MDM,MI_2class_hand,"['C3', 'Cz', 'C4']",0.6950000000000001
259,27.0,2.0,21.0,"[4.0, 6.0]",Cov+MDM,MI_2class_foot,"['C3', 'Cz', 'C4']",0.5425
260,27.0,2.0,21.0,"[4.5, 6.5]",alphaCSP+LDA,MI_2class_hand,"['C3', 'Cz', 'C4']",0.605
261,27.0,2.0,21.0,"[4.5, 6.5]",alphaCSP+LDA,MI_2class_foot,"['C3', 'Cz', 'C4']",0.40499999999999997
262,27.0,2.0,21.0,"[4.5, 6.5]",FBCSP+LDA,MI_2class_hand,"['C3', 'Cz', 'C4']",0.475
263,27.0,2.0,21.0,"[4.5, 6.5]",FBCSP+LDA,MI_2class_foot,"['C3', 'Cz', 'C4']",0.5325
264,27.0,2.0,21.0,"[4.5, 6.5]",SparseFBCSP+LDA,MI_2class_hand,"['C3', 'Cz', 'C4']",0.5825
265,27.0,2.0,21.0,"[4.5, 6.5]",SparseFBCSP+LDA,MI_2class_foot,"['C3', 'Cz', 'C4']",0.635
266,27.0,2.0,21.0,"[4.5, 6.5]",Cov+Tangent+LR,MI_2class_hand,"['C3', 'Cz', 'C4']",0.8225
267,27.0,2.0,21.0,"[4.5, 6.5]",Cov+Tangent+LR,MI_2class_foot,"['C3', 'Cz', 'C4']",0.605
268,27.0,2.0,21.0,"[4.5, 6.5]",Cov+MDM,MI_2class_hand,"['C3', 'Cz', 'C4']",0.82
269,27.0,2.0,21.0,"[4.5, 6.5]",Cov+MDM,MI_2class_foot,"['C3', 'Cz', 'C4']",0.5675
270,27.0,2.0,21.0,"[5.0, 7.0]",alphaCSP+LDA,MI_2class_hand,"['C3', 'Cz', 'C4']",0.5900000000000001
271,27.0,2.0,21.0,"[5.0, 7.0]",alphaCSP+LDA,MI_2class_foot,"['C3', 'Cz', 'C4']",0.49000000000000005
272,27.0,2.0,21.0,"[5.0, 7.0]",FBCSP+LDA,MI_2class_hand,"['C3', 'Cz', 'C4']",0.5
273,27.0,2.0,21.0,"[5.0, 7.0]",FBCSP+LDA,MI_2class_foot,"['C3', 'Cz', 'C4']",0.5225
274,27.0,2.0,21.0,"[5.0, 7.0]",SparseFBCSP+LDA,MI_2class_hand,"['C3', 'Cz', 'C4']",0.78
275,27.0,2.0,21.0,"[5.0, 7.0]",SparseFBCSP+LDA,MI_2class_foot,"['C3', 'Cz', 'C4']",0.63
276,27.0,2.0,21.0,"[5.0, 7.0]",Cov+Tangent+LR,MI_2class_hand,"['C3', 'Cz', 'C4']",0.795
277,27.0,2.0,21.0,"[5.0, 7.0]",Cov+Tangent+LR,MI_2class_foot,"['C3', 'Cz', 'C4']",0.34249999999999997
278,27.0,2.0,21.0,"[5.0, 7.0]",Cov+MDM,MI_2class_hand,"['C3', 'Cz', 'C4']",0.78
279,27.0,2.0,21.0,"[5.0, 7.0]",Cov+MDM,MI_2class_foot,"['C3', 'Cz', 'C4']",0.32
280,27.0,2.0,21.0,"[5.5, 7.5]",alphaCSP+LDA,MI_2class_hand,"['C3', 'Cz', 'C4']",0.51
281,27.0,2.0,21.0,"[5.5, 7.5]",alphaCSP+LDA,MI_2class_foot,"['C3', 'Cz', 'C4']",0.41500000000000004
282,27.0,2.0,21.0,"[5.5, 7.5]",FBCSP+LDA,MI_2class_hand,"['C3', 'Cz', 'C4']",0.38499999999999995
283,27.0,2.0,21.0,"[5.5, 7.5]",FBCSP+LDA,MI_2class_foot,"['C3', 'Cz', 'C4']",0.6375
284,27.0,2.0,21.0,"[5.5, 7.5]",SparseFBCSP+LDA,MI_2class_hand,"['C3', 'Cz', 'C4']",0.6425
285,27.0,2.0,21.0,"[5.5, 7.5]",SparseFBCSP+LDA,MI_2class_foot,"['C3', 'Cz', 'C4']",0.645
286,27.0,2.0,21.0,"[5.5, 7.5]",Cov+Tangent+LR,MI_2class_hand,"['C3', 'Cz', 'C4']",0.5775
287,27.0,2.0,21.0,"[5.5, 7.5]",Cov+Tangent+LR,MI_2class_foot,"['C3', 'Cz', 'C4']",0.40750000000000003
288,27.0,2.0,21.0,"[5.5, 7.5]",Cov+MDM,MI_2class_hand,"['C3', 'Cz', 'C4']",0.5775
289,27.0,2.0,21.0,"[5.5, 7.5]",Cov+MDM,MI_2class_foot,"['C3', 'Cz', 'C4']",0.36
290,27.0,2.0,21.0,"[6.0, 8.0]",alphaCSP+LDA,MI_2class_hand,"['C3', 'Cz', 'C4']",0.4325
291,27.0,2.0,21.0,"[6.0, 8.0]",alphaCSP+LDA,MI_2class_foot,"['C3', 'Cz', 'C4']",0.55
292,27.0,2.0,21.0,"[6.0, 8.0]",FBCSP+LDA,MI_2class_hand,"['C3', 'Cz', 'C4']",0.515
293,27.0,2.0,21.0,"[6.0, 8.0]",FBCSP+LDA,MI_2class_foot,"['C3', 'Cz', 'C4']",0.775
294,27.0,2.0,21.0,"[6.0, 8.0]",SparseFBCSP+LDA,MI_2class_hand,"['C3', 'Cz', 'C4']",0.45
295,27.0,2.0,21.0,"[6.0, 8.0]",SparseFBCSP+LDA,MI_2class_foot,"['C3', 'Cz', 'C4']",0.9025000000000001
296,27.0,2.0,21.0,"[6.0, 8.0]",Cov+Tangent+LR,MI_2class_hand,"['C3', 'Cz', 'C4']",0.545
297,27.0,2.0,21.0,"[6.0, 8.0]",Cov+Tangent+LR,MI_2class_foot,"['C3', 'Cz', 'C4']",0.6075
298,27.0,2.0,21.0,"[6.0, 8.0]",Cov+MDM,MI_2class_hand,"['C3', 'Cz', 'C4']",0.5875
299,27.0,2.0,21.0,"[6.0, 8.0]",Cov+MDM,MI_2class_foot,"['C3', 'Cz', 'C4']",0.6300000000000001
300,29.0,1.0,15.0,"[4.0, 6.0]",alphaCSP+LDA,MI_2class_hand,"['C3', 'Cz', 'C4']",0.5333333333333334
301,29.0,1.0,15.0,"[4.0, 6.0]",alphaCSP+LDA,MI_2class_foot,"['C3', 'Cz', 'C4']",0.35555555555555557
302,29.0,1.0,15.0,"[4.0, 6.0]",FBCSP+LDA,MI_2class_hand,"['C3', 'Cz', 'C4']",0.4444444444444445
303,29.0,1.0,15.0,"[4.0, 6.0]",FBCSP+LDA,MI_2class_foot,"['C3', 'Cz', 'C4']",0.4444444444444445
304,29.0,1.0,15.0,"[4.0, 6.0]",SparseFBCSP+LDA,MI_2class_hand,"['C3', 'Cz', 'C4']",0.5555555555555556
305,29.0,1.0,15.0,"[4.0, 6.0]",SparseFBCSP+LDA,MI_2class_foot,"['C3', 'Cz', 'C4']",0.5555555555555556
306,29.0,1.0,15.0,"[4.0, 6.0]",Cov+Tangent+LR,MI_2class_hand,"['C3', 'Cz', 'C4']",0.5777777777777777
307,29.0,1.0,15.0,"[4.0, 6.0]",Cov+Tangent+LR,MI_2class_foot,"['C3', 'Cz', 'C4']",0.5777777777777777
308,29.0,1.0,15.0,"[4.0, 6.0]",Cov+MDM,MI_2class_hand,"['C3', 'Cz', 'C4']",0.6
309,29.0,1.0,15.0,"[4.0, 6.0]",Cov+MDM,MI_2class_foot,"['C3', 'Cz', 'C4']",0.5555555555555556
310,29.0,1.0,15.0,"[4.5, 6.5]",alphaCSP+LDA,MI_2class_hand,"['C3', 'Cz', 'C4']",0.6000000000000002
311,29.0,1.0,15.0,"[4.5, 6.5]",alphaCSP+LDA,MI_2class_foot,"['C3', 'Cz', 'C4']",0.4222222222222222
312,29.0,1.0,15.0,"[4.5, 6.5]",FBCSP+LDA,MI_2class_hand,"['C3', 'Cz', 'C4']",0.6666666666666667
313,29.0,1.0,15.0,"[4.5, 6.5]",FBCSP+LDA,MI_2class_foot,"['C3', 'Cz', 'C4']",0.5777777777777778
314,29.0,1.0,15.0,"[4.5, 6.5]",SparseFBCSP+LDA,MI_2class_hand,"['C3', 'Cz', 'C4']",0.6444444444444446
315,29.0,1.0,15.0,"[4.5, 6.5]",SparseFBCSP+LDA,MI_2class_foot,"['C3', 'Cz', 'C4']",0.6
316,29.0,1.0,15.0,"[4.5, 6.5]",Cov+Tangent+LR,MI_2class_hand,"['C3', 'Cz', 'C4']",0.7111111111111112
317,29.0,1.0,15.0,"[4.5, 6.5]",Cov+Tangent+LR,MI_2class_foot,"['C3', 'Cz', 'C4']",0.4666666666666667
318,29.0,1.0,15.0,"[4.5, 6.5]",Cov+MDM,MI_2class_hand,"['C3', 'Cz', 'C4']",0.6888888888888889
319,29.0,1.0,15.0,"[4.5, 6.5]",Cov+MDM,MI_2class_foot,"['C3', 'Cz', 'C4']",0.48888888888888893
320,29.0,1.0,15.0,"[5.0, 7.0]",alphaCSP+LDA,MI_2class_hand,"['C3', 'Cz', 'C4']",0.6444444444444445
321,29.0,1.0,15.0,"[5.0, 7.0]",alphaCSP+LDA,MI_2class_foot,"['C3', 'Cz', 'C4']",0.2888888888888889
322,29.0,1.0,15.0,"[5.0, 7.0]",FBCSP+LDA,MI_2class_hand,"['C3', 'Cz', 'C4']",0.7
323,29.0,1.0,15.0,"[5.0, 7.0]",FBCSP+LDA,MI_2class_foot,"['C3', 'Cz', 'C4']",0.7333333333333333
324,29.0,1.0,15.0,"[5.0, 7.0]",SparseFBCSP+LDA,MI_2class_hand,"['C3', 'Cz', 'C4']",0.5555555555555556
325,29.0,1.0,15.0,"[5.0, 7.0]",SparseFBCSP+LDA,MI_2class_foot,"['C3', 'Cz', 'C4']",0.48888888888888893
326,29.0,1.0,15.0,"[5.0, 7.0]",Cov+Tangent+LR,MI_2class_hand,"['C3', 'Cz', 'C4']",0.6888888888888889
327,29.0,1.0,15.0,"[5.0, 7.0]",Cov+Tangent+LR,MI_2class_foot,"['C3', 'Cz', 'C4']",0.48888888888888893
328,29.0,1.0,15.0,"[5.0, 7.0]",Cov+MDM,MI_2class_hand,"['C3', 'Cz', 'C4']",0.6888888888888889
329,29.0,1.0,15.0,"[5.0, 7.0]",Cov+MDM,MI_2class_foot,"['C3', 'Cz', 'C4']",0.5111111111111112
330,29.0,1.0,15.0,"[5.5, 7.5]",alphaCSP+LDA,MI_2class_hand,"['C3', 'Cz', 'C4']",0.6222222222222222
331,29.0,1.0,15.0,"[5.5, 7.5]",alphaCSP+LDA,MI_2class_foot,"['C3', 'Cz', 'C4']",0.48888888888888893
332,29.0,1.0,15.0,"[5.5, 7.5]",FBCSP+LDA,MI_2class_hand,"['C3', 'Cz', 'C4']",0.48888888888888893
333,29.0,1.0,15.0,"[5.5, 7.5]",FBCSP+LDA,MI_2class_foot,"['C3', 'Cz', 'C4']",0.4666666666666668
334,29.0,1.0,15.0,"[5.5, 7.5]",SparseFBCSP+LDA,MI_2class_hand,"['C3', 'Cz', 'C4']",0.4666666666666667
335,29.0,1.0,15.0,"[5.5, 7.5]",SparseFBCSP+LDA,MI_2class_foot,"['C3', 'Cz', 'C4']",0.5333333333333334
336,29.0,1.0,15.0,"[5.5, 7.5]",Cov+Tangent+LR,MI_2class_hand,"['C3', 'Cz', 'C4']",0.6888888888888889
337,29.0,1.0,15.0,"[5.5, 7.5]",Cov+Tangent+LR,MI_2class_foot,"['C3', 'Cz', 'C4']",0.5555555555555556
338,29.0,1.0,15.0,"[5.5, 7.5]",Cov+MDM,MI_2class_hand,"['C3', 'Cz', 'C4']",0.6888888888888889
339,29.0,1.0,15.0,"[5.5, 7.5]",Cov+MDM,MI_2class_foot,"['C3', 'Cz', 'C4']",0.5555555555555556
340,29.0,1.0,15.0,"[6.0, 8.0]",alphaCSP+LDA,MI_2class_hand,"['C3', 'Cz', 'C4']",0.5111111111111112
341,29.0,1.0,15.0,"[6.0, 8.0]",alphaCSP+LDA,MI_2class_foot,"['C3', 'Cz', 'C4']",0.3555555555555556
342,29.0,1.0,15.0,"[6.0, 8.0]",FBCSP+LDA,MI_2class_hand,"['C3', 'Cz', 'C4']",0.5777777777777778
343,29.0,1.0,15.0,"[6.0, 8.0]",FBCSP+LDA,MI_2class_foot,"['C3', 'Cz', 'C4']",0.4666666666666668
344,29.0,1.0,15.0,"[6.0, 8.0]",SparseFBCSP+LDA,MI_2class_hand,"['C3', 'Cz', 'C4']",0.6222222222222222
345,29.0,1.0,15.0,"[6.0, 8.0]",SparseFBCSP+LDA,MI_2class_foot,"['C3', 'Cz', 'C4']",0.4000000000000001
346,29.0,1.0,15.0,"[6.0, 8.0]",Cov+Tangent+LR,MI_2class_hand,"['C3', 'Cz', 'C4']",0.48888888888888893
347,29.0,1.0,15.0,"[6.0, 8.0]",Cov+Tangent+LR,MI_2class_foot,"['C3', 'Cz', 'C4']",0.5777777777777778
348,29.0,1.0,15.0,"[6.0, 8.0]",Cov+MDM,MI_2class_hand,"['C3', 'Cz', 'C4']",0.5333333333333334
349,29.0,1.0,15.0,"[6.0, 8.0]",Cov+MDM,MI_2class_foot,"['C3', 'Cz', 'C4']",0.5555555555555557
350,29.0,2.0,15.0,"[4.0, 6.0]",alphaCSP+LDA,MI_2class_hand,"['C3', 'Cz', 'C4']",0.4
351,29.0,2.0,15.0,"[4.0, 6.0]",alphaCSP+LDA,MI_2class_foot,"['C3', 'Cz', 'C4']",0.5555555555555556
352,29.0,2.0,15.0,"[4.0, 6.0]",FBCSP+LDA,MI_2class_hand,"['C3', 'Cz', 'C4']",0.7
353,29.0,2.0,15.0,"[4.0, 6.0]",FBCSP+LDA,MI_2class_foot,"['C3', 'Cz', 'C4']",0.6444444444444445
354,29.0,2.0,15.0,"[4.0, 6.0]",SparseFBCSP+LDA,MI_2class_hand,"['C3', 'Cz', 'C4']",0.7777777777777777
355,29.0,2.0,15.0,"[4.0, 6.0]",SparseFBCSP+LDA,MI_2class_foot,"['C3', 'Cz', 'C4']",0.3777777777777779
356,29.0,2.0,15.0,"[4.0, 6.0]",Cov+Tangent+LR,MI_2class_hand,"['C3', 'Cz', 'C4']",0.5111111111111112
357,29.0,2.0,15.0,"[4.0, 6.0]",Cov+Tangent+LR,MI_2class_foot,"['C3', 'Cz', 'C4']",0.7555555555555556
358,29.0,2.0,15.0,"[4.0, 6.0]",Cov+MDM,MI_2class_hand,"['C3', 'Cz', 'C4']",0.48888888888888893
359,29.0,2.0,15.0,"[4.0, 6.0]",Cov+MDM,MI_2class_foot,"['C3', 'Cz', 'C4']",0.7333333333333334
360,29.0,2.0,15.0,"[4.5, 6.5]",alphaCSP+LDA,MI_2class_hand,"['C3', 'Cz', 'C4']",0.6
361,29.0,2.0,15.0,"[4.5, 6.5]",alphaCSP+LDA,MI_2class_foot,"['C3', 'Cz', 'C4']",0.5111111111111112
362,29.0,2.0,15.0,"[4.5, 6.5]",FBCSP+LDA,MI_2class_hand,"['C3', 'Cz', 'C4']",0.33333333333333337
363,29.0,2.0,15.0,"[4.5, 6.5]",FBCSP+LDA,MI_2class_foot,"['C3', 'Cz', 'C4']",0.5777777777777778
364,29.0,2.0,15.0,"[4.5, 6.5]",SparseFBCSP+LDA,MI_2class_hand,"['C3', 'Cz', 'C4']",0.6444444444444445
365,29.0,2.0,15.0,"[4.5, 6.5]",SparseFBCSP+LDA,MI_2class_foot,"['C3', 'Cz', 'C4']",0.35555555555555557
366,29.0,2.0,15.0,"[4.5, 6.5]",Cov+Tangent+LR,MI_2class_hand,"['C3', 'Cz', 'C4']",0.4666666666666667
367,29.0,2.0,15.0,"[4.5, 6.5]",Cov+Tangent+LR,MI_2class_foot,"['C3', 'Cz', 'C4']",0.5777777777777777
368,29.0,2.0,15.0,"[4.5, 6.5]",Cov+MDM,MI_2class_hand,"['C3', 'Cz', 'C4']",0.5333333333333334
369,29.0,2.0,15.0,"[4.5, 6.5]",Cov+MDM,MI_2class_foot,"['C3', 'Cz', 'C4']",0.6
370,29.0,2.0,15.0,"[5.0, 7.0]",alphaCSP+LDA,MI_2class_hand,"['C3', 'Cz', 'C4']",0.4444444444444445
371,29.0,2.0,15.0,"[5.0, 7.0]",alphaCSP+LDA,MI_2class_foot,"['C3', 'Cz', 'C4']",0.4
372,29.0,2.0,15.0,"[5.0, 7.0]",FBCSP+LDA,MI_2class_hand,"['C3', 'Cz', 'C4']",0.5777777777777777
373,29.0,2.0,15.0,"[5.0, 7.0]",FBCSP+LDA,MI_2class_foot,"['C3', 'Cz', 'C4']",0.5666666666666667
374,29.0,2.0,15.0,"[5.0, 7.0]",SparseFBCSP+LDA,MI_2class_hand,"['C3', 'Cz', 'C4']",0.3111111111111111
375,29.0,2.0,15.0,"[5.0, 7.0]",SparseFBCSP+LDA,MI_2class_foot,"['C3', 'Cz', 'C4']",0.5333333333333334
376,29.0,2.0,15.0,"[5.0, 7.0]",Cov+Tangent+LR,MI_2class_hand,"['C3', 'Cz', 'C4']",0.33333333333333337
377,29.0,2.0,15.0,"[5.0, 7.0]",Cov+Tangent+LR,MI_2class_foot,"['C3', 'Cz', 'C4']",0.6
378,29.0,2.0,15.0,"[5.0, 7.0]",Cov+MDM,MI_2class_hand,"['C3', 'Cz', 'C4']",0.4222222222222222
379,29.0,2.0,15.0,"[5.0, 7.0]",Cov+MDM,MI_2class_foot,"['C3', 'Cz', 'C4']",0.6
380,29.0,2.0,15.0,"[5.5, 7.5]",alphaCSP+LDA,MI_2class_hand,"['C3', 'Cz', 'C4']",0.24444444444444446
381,29.0,2.0,15.0,"[5.5, 7.5]",alphaCSP+LDA,MI_2class_foot,"['C3', 'Cz', 'C4']",0.6444444444444445
382,29.0,2.0,15.0,"[5.5, 7.5]",FBCSP+LDA,MI_2class_hand,"['C3', 'Cz', 'C4']",0.2777777777777778
383,29.0,2.0,15.0,"[5.5, 7.5]",FBCSP+LDA,MI_2class_foot,"['C3', 'Cz', 'C4']",0.588888888888889
384,29.0,2.0,15.0,"[5.5, 7.5]",SparseFBCSP+LDA,MI_2class_hand,"['C3', 'Cz', 'C4']",0.33333333333333337
385,29.0,2.0,15.0,"[5.5, 7.5]",SparseFBCSP+LDA,MI_2class_foot,"['C3', 'Cz', 'C4']",0.5333333333333334
386,29.0,2.0,15.0,"[5.5, 7.5]",Cov+Tangent+LR,MI_2class_hand,"['C3', 'Cz', 'C4']",0.24444444444444446
387,29.0,2.0,15.0,"[5.5, 7.5]",Cov+Tangent+LR,MI_2class_foot,"['C3', 'Cz', 'C4']",0.711111111111111
388,29.0,2.0,15.0,"[5.5, 7.5]",Cov+MDM,MI_2class_hand,"['C3', 'Cz', 'C4']",0.28888888888888886
389,29.0,2.0,15.0,"[5.5, 7.5]",Cov+MDM,MI_2class_foot,"['C3', 'Cz', 'C4']",0.6444444444444445
390,29.0,2.0,15.0,"[6.0, 8.0]",alphaCSP+LDA,MI_2class_hand,"['C3', 'Cz', 'C4']",0.2666666666666667
391,29.0,2.0,15.0,"[6.0, 8.0]",alphaCSP+LDA,MI_2class_foot,"['C3', 'Cz', 'C4']",0.4666666666666667
392,29.0,2.0,15.0,"[6.0, 8.0]",FBCSP+LDA,MI_2class_hand,"['C3', 'Cz', 'C4']",0.38888888888888895
393,29.0,2.0,15.0,"[6.0, 8.0]",FBCSP+LDA,MI_2class_foot,"['C3', 'Cz', 'C4']",0.5333333333333334
394,29.0,2.0,15.0,"[6.0, 8.0]",SparseFBCSP+LDA,MI_2class_hand,"['C3', 'Cz', 'C4']",0.5333333333333334
395,29.0,2.0,15.0,"[6.0, 8.0]",SparseFBCSP+LDA,MI_2class_foot,"['C3', 'Cz', 'C4']",0.4222222222222222
396,29.0,2.0,15.0,"[6.0, 8.0]",Cov+Tangent+LR,MI_2class_hand,"['C3', 'Cz', 'C4']",0.31111111111111117
397,29.0,2.0,15.0,"[6.0, 8.0]",Cov+Tangent+LR,MI_2class_foot,"['C3', 'Cz', 'C4']",0.6444444444444445
398,29.0,2.0,15.0,"[6.0, 8.0]",Cov+MDM,MI_2class_hand,"['C3', 'Cz', 'C4']",0.31111111111111117
399,29.0,2.0,15.0,"[6.0, 8.0]",Cov+MDM,MI_2class_foot,"['C3', 'Cz', 'C4']",0.6444444444444445
